subject,n_pose_frames,n_pose_windows,n_cop_samples,window_cop_diff,has_metadata,offset_start_s,offset_frames,first_frame_id
10-amanda-trial-1-cl,2809,255,242,13,True,0.559999942779541,12,0
10-amanda-trial-2-na,2674,243,242,1,True,0.5270001888275146,12,0
10-amanda-trial-3-sm,2661,241,242,-1,True,-0.031999826431274414,-1,0
10-amanda-trial-4-sl,2654,241,239,2,True,0.33899998664855957,7,0
10-amanda-trial-5-sh,2713,246,242,4,True,0.7709999084472656,17,0
10-amanda-trial-6-ch,2698,245,240,5,True,-0.026999950408935547,-1,0
10-amanda-trial-7-cm,2649,240,242,-2,True,0.7569999694824219,17,0
11-stormie-trial-1-cm,2622,238,242,-4,True,1.5490000247955322,34,0
11-stormie-trial-4-sm,1762,160,242,-82,True,35.05200004577637,771,0
11-stormie-trial-5-sl,2650,240,241,-1,True,0.6860001087188721,15,0
12-hannah-trial-1-ch,2675,243,242,1,True,0.7599999904632568,17,0
12-hannah-trial-2-cm,1152,104,242,-138,True,0.10199999809265137,2,0
12-hannah-trial-3-cl,2715,246,242,4,True,0.875999927520752,19,0
12-hannah-trial-4-na,1813,164,242,-78,True,0.0969998836517334,2,0
12-hannah-trial-5-sm,1178,107,242,-135,True,0.6919999122619629,15,0
12-hannah-trial-6-sl,2700,245,242,3,True,0.4680001735687256,10,0
12-hannah-trial-7-sh,331,30,242,-212,True,-0.11100006103515625,-2,0
13-jim-trial-1-sh,2591,235,242,-7,True,0.46199989318847656,10,0
13-jim-trial-2-ch,2566,233,241,-8,True,0.09400010108947754,2,0
13-jim-trial-3-cm,2545,231,239,-8,True,0.11900019645690918,3,0
13-jim-trial-4-cl,2557,232,215,17,True,-13.587000131607056,-299,0
13-jim-trial-5-na,2602,236,242,-6,True,-0.2630000114440918,-6,0
13-jim-trial-6-sm,2609,237,241,-4,True,0.16300010681152344,4,0
13-jim-trial-7-sl,2575,234,242,-8,True,1.1129999160766602,24,0
14-jinjer-trial-1-sl,2682,243,242,1,True,0.3380000591278076,7,0
14-jinjer-trial-2-sh,2604,236,242,-6,True,0.9000000953674316,20,0
14-jinjer-trial-3-ch,3153,286,240,46,True,1.4930000305175781,33,0
14-jinjer-trial-4-cm,2416,219,242,-23,True,0.06200003623962402,1,0
15-ruiz-trial-1-sh,962,87,240,-153,True,38.88300013542175,855,0
15-ruiz-trial-2-ch,737,67,242,-175,True,-0.2690000534057617,-6,0
15-ruiz-trial-4-cm,2581,234,240,-6,True,3.4740002155303955,76,0
17-matthew-trial-2-cl,2718,247,240,7,True,0.2850000858306885,6,0
17-matthew-trial-3-sh,2322,211,240,-29,True,0.4250001907348633,9,0
17-matthew-trial-5-sm,2708,246,242,4,True,2.515000104904175,55,0
17-matthew-trial-6-cm,2718,247,242,5,True,0.22900009155273438,5,0
17-matthew-trial-7-na,2752,250,242,8,True,0.5980000495910645,13,0
21-marissa-trial-1-ch,1208,109,242,-133,True,65.01399993896484,1430,0
21-marissa-trial-2-sm,2662,242,212,30,True,-13.483000040054321,-297,0
21-marissa-trial-3-cm,2767,251,242,9,True,0.6449999809265137,14,0
21-marissa-trial-4-na,2679,243,242,1,True,0.6599998474121094,15,0
21-marissa-trial-5-sl,2767,251,242,9,True,-0.1380000114440918,-3,0
21-marissa-trial-6-cl,2659,241,242,-1,True,0.1100001335144043,2,0
21-marissa-trial-7-sh,2763,251,242,9,True,0.020000219345092773,0,0
3-akter-trial-1-ch,2694,244,242,2,True,0.5889999866485596,13,0
3-akter-trial-2-na,2672,242,242,0,True,0.5759999752044678,13,0
3-akter-trial-3-sl,2711,246,242,4,True,0.30099987983703613,7,0
3-akter-trial-5-sm,2796,254,241,13,True,1.1309998035430908,25,0
3-akter-trial-6-cm,2692,244,242,2,True,0.6460001468658447,14,0
4-christina-trial-1-sh,2649,240,241,-1,True,0.8440001010894775,19,0
4-christina-trial-2-ch,2685,244,238,6,True,-0.25799989700317383,-6,0
4-christina-trial-3-na,2728,248,242,6,True,-0.3130002021789551,-7,0
4-christina-trial-4-sl,2661,241,242,-1,True,-0.21200013160705566,-5,0
4-christina-trial-7-cm,2626,238,240,-2,True,-0.06299996376037598,-1,0
6-oscar-trial-1-sm,2622,238,240,-2,True,3.2140002250671387,71,0
6-oscar-trial-2-cm,2603,236,241,-5,True,0.32700014114379883,7,0
6-oscar-trial-3-sh,1650,150,242,-92,True,46.78699994087219,1029,0
6-oscar-trial-4-ch,1104,100,240,-140,True,0.2389998435974121,5,0
6-oscar-trial-5-na,2726,247,242,5,True,0.5450000762939453,12,0
6-oscar-trial-6-sl,2720,247,242,5,True,0.7000000476837158,15,0
6-oscar-trial-7-cl,2761,251,242,9,True,0.2569999694824219,6,0
7-rafael-trial-1-cl,2749,249,242,7,True,1.7840001583099365,39,0
7-rafael-trial-2-sm,2684,244,242,2,True,0.3580000400543213,8,0
7-rafael-trial-3-cm,2678,243,242,1,True,0.5690000057220459,13,0
7-rafael-trial-4-sh,2689,244,242,2,True,1.0920000076293945,24,0
7-rafael-trial-5-ch,2610,237,242,-5,True,1.311000108718872,29,0
7-rafael-trial-6-na,2728,248,242,6,True,0.14700007438659668,3,0
7-rafael-trial-7-sl,1795,163,242,-79,True,0.5060000419616699,11,0
9-aracelli-trial-1-na,2788,253,242,11,True,1.2059998512268066,27,0
9-aracelli-trial-2-sm,310,28,239,-211,True,52.94099998474121,1165,0
9-aracelli-trial-3-sl,2698,245,242,3,True,-0.1789999008178711,-4,0
9-aracelli-trial-4-sh,2640,240,239,1,True,0.43000006675720215,9,0
9-aracelli-trial-5-ch,2700,245,242,3,True,1.5190000534057617,33,0
9-aracelli-trial-6-cm,2602,236,242,-6,True,5.525000095367432,122,0
9-aracelli-trial-7-cl,2669,242,241,1,True,1.1540000438690186,25,0
